{
  "alfa romeo": 0.23432343234323433,
  "audi": 0.31244926153744945,
  "bmw": 0.3356553512494107,
  "chery": 0.08062234794908063,
  "chevrolet": 0.1348828046069913,
  "citroen": 0.18390947666195193,
  "citro\u00ebn": 0.27038467781204356,
  "dacia": 0.18741059820267741,
  "fiat": 0.171097640577857,
  "ford": 0.2342238770595206,
  "honda": 0.27591011652185626,
  "hyundai": 0.2006415002402496,
  "iveco": 0.23695426685525697,
  "jeep": 0.31425313959967427,
  "kia": 0.23565045968882603,
  "land rover": 0.2668552569542669,
  "mazda": 0.2521782178217822,
  "mercedes": 0.26271468983633056,
  "mercedes-benz": 0.27930221593587934,
  "mini": 0.3838755304101839,
  "mitsubishi": 0.23884959924563887,
  "nissan": 0.27364882175549093,
  "opel": 0.22538161709967994,
  "peugeot": 0.23114077545159098,
  "renault": 0.18515803866100897,
  "seat": 0.25316533909030003,
  "skoda": 0.25887838935869273,
  "ssangyong": 0.2775813295615276,
  "subaru": 0.3391560584629892,
  "suzuki": 0.25960396039603967,
  "toyota": 0.2562692624412929,
  "volkswagen": 0.24576140923130216,
  "volvo": 0.30140735502121646
}
